{
  "model__learning_rate": 0.014083148587374493,
  "model__max_depth": 4,
  "model__n_estimators": 180,
  "model__subsample": 0.855670976374325
}