{
  "model__colsample_bytree": 0.632341330533086,
  "model__learning_rate": 0.11719979225780729,
  "model__max_depth": 3,
  "model__n_estimators": 493,
  "model__subsample": 0.7471132530877013
}